;text_id;text;screen_name;date;lastname;firstname;IP_TYPE
1;41197;"Im April 2015 warnte Bill Gates, dass wir nicht auf eine Virus-Pandemie vorbereitet wären.

https://t.co/3T64fPYYEV";thomas_aeschi;18.03.2020;Aeschi;Thomas;NTR
2;42586;Everyone should take #coronavirus very seriously. Here is what people living with HIV should know about #covid19 and HIV, and how to be prepared and stay safe <U+0001F449><U+0001F3FF> https://t.co/lxolri8ENR https://t.co/RnbM5f1pk3;ChristianLevrat;19.03.2020;Levrat;Christian;NO
3;46311;"A wise message to the science community weighing in on #COVID19 drugs, vaccines
Just think how long it took for HIV, no less that we don't even have a great vaccine or treatment vs flu
From @hholdenthorp, EIC @ScienceMagazine 
https://t.co/9QRt10MZeS https://t.co/t8oonKnWPk";FlavioRump;23.03.2020;Rump;Flavio;NO
4;49059;"Blog post describing some problems with the Gautret et al. paper about Hydroxychloroquine and Azithromycin treatment of COVID-19 infections
https://t.co/Ez5dnm8hoM";ArianeBeldi;27.03.2020;Beldi;Ariane;OPP
5;50042;Unternehmergenie Bill Gates über die richtige Corona-Strategie. Er war vor Jahren schon der grosse einsame Warner vor den Pandemien.  https://t.co/l8hBKt9JdF;KoeppelRoger;28.03.2020;Köppel;Roger;NO
6;50666;How we must respond to the coronavirus pandemic | Bill Gates https://t.co/zp7O86kWD5 via @YouTube;MyriamGaillardH;29.03.2020;Gaillard-Houriet;Myriam;NO
7;55157;"Hydroxychloroquine and azithromycin as a treatment of COVID-19: results of an open-label non-randomized clinical trial

""ISAC shares the concerns regarding the above article published recently in IJAA."" 

Read ISAC's official statement:
https://t.co/SKB9MyH3Qx";ArianeBeldi;04.04.2020;Beldi;Ariane;OPP
8;62811;Bei Corona hegte man nur kurz die Illusion, mit dem Virus nichts zu tun zu haben. Bei HIV vergingen Jahre, bis Politik und Gesellschaft reagierten. https://t.co/mB1uurMGBG via @tazgezwitscher;UrsTanner3;15.04.2020;Tanner;Urs;OPP
9;63982;"Today #raoult updated their in vitro synergy preprint, with title 

""In vitro testing of combined #Hydroxychloroquine and #Azithromycin on SARS-CoV-2 shows synergistic effect""

This is nonsense<U+0001F53B>

3/30: https://t.co/qXZltWGtDr

4/17: https://t.co/9OYKgssApQ";ArianeBeldi;17.04.2020;Beldi;Ariane;SUP
10;69458;"Schöner Artikel zum #Lockdown-Index meiner Kollegen @KurtSchmidheiny, @ndrisiome und Marius Faber.
=&gt; OW, AI und UR am stärksten ""gelähmt"".
Wäre interessant, das mit der Veränderung der kantonalen Arbeitslosenzahlen abzugleichen...

https://t.co/767m52pDrn via @handelszeitung";ndrisiome;24.04.2020;Ghisletta;Andrea;NO
11;70974;Bill Gates spendet Milliarden für die Weltgesundheit und wurde in der Corona-Pandemie zur grossen Hassfigur. Wieso? wurde https://t.co/IiVRdyVMOe via @NZZaS;diuuk;26.04.2020;Herzog;David;OPP
12;71783;@YYquem @Ale_chioc @StettlerRoger @hardmanpolitics Eine Plandemie, ist das eine geplante Pandemie? Oder ein halber Plan? <U+0001F914><U+0001F605>;gporlezza;27.04.2020;Porlezza;Gioia;OPP
13;72728;". 

I am convinced : #Kosovo needs this government until COVID 19 is over and then elections should be held. This is the only way to preserve constitutionality of the process and ensure Kosovo as state and serious entity aspiring to join EU. @albinkurti";cedricwermuth;28.04.2020;Wermuth;Cédric;NO
14;73205;@MFrauchigerSVP @BDPSchweiz Eher ein Besserwisser. Covid-19 ist sowenig ein Virus wie Aids. Das Virus heisst SARS-CoV-2, so wie HIV.;diuuk;29.04.2020;Herzog;David;NO
15;75066;"@vecirex @narimoldi @PeppPt Euphorie? Ich glaube Euphorie gab es zuletzt beim Gedanken, Hydroxychloroquin könnte ein Wundermittel gegen Corona sein.

Apps sind ein Teil. Schadet nicht, sie auch zu nutzen als Teil der Strategie.";tho__hug;01.05.2020;Hug;Thomas;SUP
16;76549;"@theblogcat @WaltiSiegrist Was Bill und Melinda Gates mit Ihrer #GatesFoundation erreicht haben (Zugang zu Bildung und Gesundheitswesen in den ärmsten Ländern) ist grossartig.

Auch den Kampf gegen #COVID<U+30FC>19 unterstützt die Stiftung mit $250Mio.

Aber #GatesBashing scheint grad in zu sein...";RetoBKeller;03.05.2020;Keller;Reto;OPP
17;77900;"South Africa implemented one of the strictest lockdowns in the world.
It's likely to lose 29 lives from lockdown for every live saved from Covid.
And you will never hear lockdown fans compare it to Belarus, Turkmenistan, Nicaragua, or Sweden.

https://t.co/PCayR5fQ8t";silvan_amberg;05.05.2020;Amberg;Silvan;SUP
18;77947;"Added Belarus. Measures (restrictions) taken by national gov against corona virus. Low hanging fruit, as expected.

#COVID<U+30FC>19 #<U+0411><U+0435><U+043B><U+0430><U+0440><U+0443><U+0441><U+044C> #<U+043A><U+043E><U+0440><U+043E><U+043D><U+0430><U+0432><U+0438><U+0440><U+0443><U+0441>

https://t.co/ulDGr13m3V https://t.co/QE9faogO7Y";BergerWthur;05.05.2020;Berger;David;NO
19;79903;"Es hätte ein ""Subbotnik"" wie aus dem Sowjetbilderbuch werden sollen. Wäre da nicht Corona. Belarus, Lukaschenko und #COVID<U+30FC>19, diese Woche @Wochenzeitung https://t.co/Irg470CI0r";BergerWthur;07.05.2020;Berger;David;NO
20;80688;"Ich lege #Hildmann und #Jebsen besonders Folge 1&amp;4 meines Podcasts #FightingCorona ans Herz. Direkter Blick in die Intensivstation. Durch die Augen eines Pflegers. Corona is real&amp;tödlich. Ich impfe mich übrigens ganz gerne gegen tödliche Krankheiten&amp;zum Schutz meiner Mitmenschen.";marcelbuehrig;08.05.2020;Bührig;Marcel;OPP
21;82041;"So wegen #Aluhüte.

14jährige beim Essen: ""Ich lass mich dann übrigens nicht gegen Corona impfen.""
""Was? Warum denn nicht?""
""Die wollen uns bloss einen Chip injizieren, um uns zu kontrollieren!""
""Wer soll das wollen?""
""Bill Gates!""

 Bin ich froh, geht die Schule wieder los...";BinderMarianne;10.05.2020;Binder-Keller;Marianne;OPP
22;82390;"‘Finally, a virus got me.’ Scientist who fought Ebola and HIV reflects on facing death from COVID-19 | Science | AAAS

Today there’s also the paradox that some people who owe their lives to vaccines no longer want their children to be vaccinated.
 https://t.co/rrTL4VBGcA";SchlaepferThe;10.05.2020;Schläpfer;Therese;OPP
23;82679;@Blickch Mal losgelöst von dem Stuss mit Bill Gates, 5G und Aluhut, was ist ein Anti-Corona-Kantonsrat? <U+0001F609>;BinderMarianne;11.05.2020;Binder-Keller;Marianne;OPP
24;83939;"Bill Gates' Anagramm gibt alles. Kann das Zufall sein? 
#schwurbel #Verschwoerungstheorie  #Corona";mcw_bern;12.05.2020;Widmer;Manuel C.;OPP
25;84535;"Update kommt: Bill Gates kündigt Covid-20 an 
https://t.co/n5JF8wfOw6";tschnorf;13.05.2020;Schnorf;Thomas;OPP
26;85380;"Slowly the borders are reopening. How will it work in summer, who can go where?  UK, Belarus and Netherlands (EU/Schengen only) were open all the time in theory. 

https://t.co/kgQ0iwcVTj

#covid19 #coronastats #coronasummer https://t.co/1KKhO9R3Cf";BergerWthur;15.05.2020;Berger;David;NO
27;87008;"Eine grosse Mehrheit der ""Corona-Rebellen"" sind nicht rechtsextrem. Die organisierten #Nazis und #QAnon-Leute in den Strukturen sind aber gefährlich, weil es den perfekten Nährboden bietet.
Danke @FabianEberhard und allen Aktivist*innen für die Recherche!

https://t.co/5Kxyjz4RyO";MiaAnaJenni;17.05.2020;Jenni;Mia;NTR
28;87272;"Update kommt: Bill Gates kündigt Covid-20 an 
https://t.co/n5JF8wfOw6";UrsTanner3;17.05.2020;Tanner;Urs;OPP
29;90367;"Aktuelle Ausgabe: Öffnet die Schweiz! / Mein Freund Bill Gates / Verschwörungstheorien,eine Ehrenrettung / Djokovic ist der Beste

Weitere Informationen finden Sie auf https://t.co/HLSduzOpMz #COVIDIDIOTS @DjokerNole @BillGates #coronavirus https://t.co/7EMlKuzXls";ChrMoergeli;22.05.2020;Mörgeli;Christoph;NTR
30;91173;"@skepteis @BAG_OFSP_UFSP @sbbnews Meanwhile in Belarus, a country which has nearly zero corona-rules (well, these people are supporting the opposition):

https://t.co/iwAluPFgsO";BergerWthur;24.05.2020;Berger;David;NO
31;91340;"Bill Gates spendet 900'000 CHF an SwissMedic und ich wurde als NR &amp; Mitglied der KSG angefragt, ob ich das problematisch finde. Hier meine Antwort:

#Corona #BillGates #Donation #Spenden #SwissMedic #ConspiracyTheory #BillGatesIsEvil #DunningKruger https://t.co/yd4GDFYU26";joergmaeder;24.05.2020;Mäder;Jörg;OPP
32;92193;"Bill Gates spendet 900'000 CHF an SwissMedic und ich wurde als NR &amp; Mitglied der KSG angefragt, ob ich das problematisch finde. Hier meine Antwort:

#Corona #BillGates #Donation #Spenden #SwissMedic #ConspiracyTheory #BillGatesIsEvil #DunningKruger https://t.co/yd4GDFYU26";CWyssen;25.05.2020;Wyssen;Claudia;OPP
33;93250;Laut einer Umfrage der Uni Oxford glauben nicht ganz 20% der Briten, dass Juden Covid-19 erschaffen hätten um die Wirtschaft zu zerstören. Das Bill Gates mit dem Virus die Weltbevölkerung reduzieren will, glauben noch etwas mehr Leute. https://t.co/VrK8Y6VaBm;JohLeut;27.05.2020;Leutenegger;Johannes;NTR
34;93701;"Cinemas quickly closed at the begin of the #COVID19 pandemic, now they are slowly reopening with restrictions. Most #cinemas in Sweden closed and also many in Belarus.

Map: https://t.co/fspOUWwZ2n

Shouts to my sources (among others):
@ArtCinemaCICAE
 @German_Films
 @Screendaily https://t.co/RTKoIiB0Cb";BergerWthur;28.05.2020;Berger;David;NO
35;131138;"#AttilaHildmann verteidigt Hitler, greift die #Bundeskanzlerin und #DieGrünen auf seiner Kundgebung am #b1807 an. Dabei verharmlost #Hildmann den #Nationalsozialismus und relativiert die #Shoah. 
#corona #berlin #Verschwörungstheorien https://t.co/ouLS9p1E4b";furkan_s_oguz;19.07.2020;Oguz;Furkan;OPP
36;133967;"Bill Gates says social media needs to step up and stop spreading misinformation about COVID-19.
https://t.co/8bwjxrcsbY https://t.co/pvfGQELKMP";MyriamGaillardH;24.07.2020;Gaillard-Houriet;Myriam;NO
37;138755;Es sind keine #Covidioten. Der Begriff verharmlost die Ziele der Drahtzieher. Es ist eine Querfront, die unsere Demokratie verachtet, mit Fake News eine geschlossene Gegenwelt aufbauen will (Stichwort:Lügenpresse) um sie gegen den freiheitlichen Rechtsstaat in Stellung zu bringen;marcelbuehrig;02.08.2020;Bührig;Marcel;OPP
38;141168;"The WHO and NIH received billions of dollars to fight COVID-19, yet can't find the resources to conduct a single trial on early treatment with hydroxychloroquine.

Instead all we got is flip-flopping recommendations on homemade masks.";drkast;06.08.2020;Kast;Daniel;SUP
39;151151;@PrettyDamnSwiss @akf3_5 @MrDanHu Meine Quellen sprechen immer von Soros und Bill Gates. Geplante Zwangsimpfungen, Maskenwiderstand ist Bürgerpflicht und der Deep State der bald fallen wird. Es geht um die Kinder!;KennyGubser;20.08.2020;Gubser;Kenny;OPP
40;154316;@biele189 Wieso? #Lukaschenko hat doch #Corona voll im Griff? Wie alles in #Weissrussland .;MarcSchinzel;23.08.2020;Schinzel;Marc;NO
41;154629;"Das Kieler Forscher-Ehepaar Prof. Karina Reiß und Prof. Sucharit Bhakdi verteidigt seine Thesen. Im Interview mit unserer Zeitung erklären die Wissenschaftler, warum das Coronavirus aus ihrer Sicht nicht gefährlicher ist als das Grippevirus.
https://t.co/db5cQrfrU7";MarcBuergi;24.08.2020;Bürgi;Marc;SUP
42;155505;@MarcoKiefer Du hast den Coronavirus... Du weisst ja, Bill Gates. Update dauert bis Dezember 2021.<U+0001F602><U+0001F602><U+0001F602>;MarcBuergi;25.08.2020;Bürgi;Marc;SUP
43;156272;Mich erschrecken die vielen hässigen Tweets gegen die Maskenpflicht. Leute, es ist nur eine Maske, das Dingens, das Menschen fast weltweit tragen! Niemand will das Rütli an Bill Gates verschenken, die Demokratie versenken oder unsere Seelen dem Teufel verkaufen.;CWyssen;25.08.2020;Wyssen;Claudia;OPP
44;156304;Wenn ich noch ein einziges E-Mail mit der Aufforderung #Prof.Bhakdi in Sachen Pandemie  zuzuhören, dann platzt meine Inbox.;JayBadran;26.08.2020;Badran;Jacqueline;NTR
45;156495;"Ständerat @michelzug hat sich der Debatte mit den Coronakritiker*innen gestellt und das hervorragend gemacht. Offensichtlich hat Herr Sucharit Bhakdi nicht den blassesten Schimmer von der Schweiz. Wer noch Fragen hat zum #Covidgesetz hier nachschauen. 
https://t.co/JjROOTxFeg";mayagraf_bl;26.08.2020;Graf;Maya;OPP
46;156662;Wenn ich noch ein einziges E-Mail mit der Aufforderung #Prof.Bhakdi in Sachen Pandemie  zuzuhören, dann platzt meine Inbox.;SamiraMarti;26.08.2020;Marti;Samira;NTR
47;156668;Mich erschrecken die vielen hässigen Tweets gegen die Maskenpflicht. Leute, es ist nur eine Maske, das Dingens, das Menschen fast weltweit tragen! Niemand will das Rütli an Bill Gates verschenken, die Demokratie versenken oder unsere Seelen dem Teufel verkaufen.;rmm1963;26.08.2020;Meier;Roland;OPP
48;156743;Wenn ich noch ein einziges E-Mail mit der Aufforderung #Prof.Bhakdi in Sachen Pandemie  zuzuhören, dann platzt meine Inbox.;gerhardpfister;26.08.2020;Pfister;Gerhard;NTR
49;157032;"Ständerat @michelzug hat sich der Debatte mit den Coronakritiker*innen gestellt und das hervorragend gemacht. Offensichtlich hat Herr Sucharit Bhakdi nicht den blassesten Schimmer von der Schweiz. Wer noch Fragen hat zum #Covidgesetz hier nachschauen. 
https://t.co/JjROOTxFeg";cedricwermuth;26.08.2020;Wermuth;Cédric;OPP
50;160430;"Keep in mind anything #QAnon related is really dangerous. And it's like a cult as per how they try to convince everyone around them that it's all real.

#covid19

https://t.co/LE5LjLuEdO";KennyGubser;31.08.2020;Gubser;Kenny;OPP
51;161104;Seid ihr auch alle auf den Masken-Trick hereingefallen, mit dem euch Bill Gates überwacht? https://t.co/5ipoykQVRv;BuesserSandra;01.09.2020;Büsser;Andrea;OPP
52;162468;"Endlich: Der Druck der Strasse zeigt Wirkung
#Maskenpflicht #Querdenken";tschnorf;02.09.2020;Schnorf;Thomas;OPP
53;164612;"LGBTIQ+ - Feindlichkeit bei #Querdenken Anti-#Corona-Demo in Wien.

Flagge zerreissen, Aussage: ""Das sind keine Menschen!"" 

Aber ja, schreibt doch noch weitere Artikel darüber, wie sehr man diesen armen Seelen zuhören soll, weil Meinungsfreiheit und Anti-Cancel-God und so wtf <U+0001F621> https://t.co/fk2DpSWc3R";LucaDahinden;05.09.2020;Dahinden;Luca;OPP
54;166071;"Endlich Daten aus Belarus: offiziell 716 Corona-Tote, aber gut 4600 mehr Tote als sonst im Juni/Juli, März/April keine Auffälligkeiten. 
https://t.co/IJweUrCQqy";BergerWthur;07.09.2020;Berger;David;NO
55;167007;Manche sagen, die Chinesen seien schuld. Oder die Politiker. Oder Bill Gates. Oder G5. Doch die UN weiß: das Patriarchat ist das eigentliche Problem, das #COVID19 nur sichtbar macht. Reduktion komplexer Themen auf einfache Schuldzuweisung nennt man Verschwörungstheorie, oder? https://t.co/VPgvXYy4MS;baumbergerm;08.09.2020;Baumberger;Matthias;OPP
56;168072;@alpugan76 @postcovid_CH Und als Alternative irgendeinen Scheissdreck aus dem Internet, wie z.B. QAnon glauben? Man kann nicht sagen, man könne niemandem mehr trauen, aber nachher jeden Scheiss aus dem Internet einfach als absolute Realität akzeptieren.;marcelbuehrig;09.09.2020;Bührig;Marcel;OPP
57;171101;"#AttilaHildmann behauptet, wer Maske trägt, ""beugt sich dem Kommunismus."" Heute wurde er brav beim Arzt mit Maske gesehen. Seine Fans können das nicht begreifen. https://t.co/pqIRi1HgF6 @Gegen_die_AfD";JupiterKallisto;11.09.2020;Zuberbühler;Remo;OPP
58;171335;Die aktuellen Videos aus Weissrussland von Leuten in Grün mit schwarzen Sturmmasken, die Leute deportieren, betrüben mich zutiefst. Die EU lässt zu, dass Putin sein Powerplay nach der Ukraine auch in Weissrussland aufbaut. Eine Schande. #NordStream2 gehört begraben. https://t.co/4DmcZnbuUU;tho__hug;12.09.2020;Hug;Thomas;NO
59;173950;Für alle, die jetzt wegen der #Echinaforce-Publireportage fast durchdrehen: «ähnlich hat auch Hydroxychloroquin im Labor gute Ergebnisse gezeigt, ist aber mittlerweile aufgrund fehlender Wirksamkeit () aus dem Rennen». #CoronaInfoCH #Covid_19 https://t.co/mRcjqXxGM0 @reye_barbara;ruediloeffel;15.09.2020;Löffel;Ruedi;OPP
60;174864;"Unglaubliche Bilder.

Die Frauen in Belarus versuchen den Sicherheitskräften die Sturmmasken vom Kopf zu reissen.

Und das nach über fünf Wochen willkürlicher Verhaftungen und Polizeigewalt. Beeindruckend. https://t.co/Zpn6Hqv7NH";diuuk;16.09.2020;Herzog;David;NO
61;175366;"Unglaubliche Bilder.

Die Frauen in Belarus versuchen den Sicherheitskräften die Sturmmasken vom Kopf zu reissen.

Und das nach über fünf Wochen willkürlicher Verhaftungen und Polizeigewalt. Beeindruckend. https://t.co/Zpn6Hqv7NH";paratexception;16.09.2020;Thöni;Stefan;NO
62;185200;"Corona-Pandemie: Schluss mit Masken, weg mit Quarantäne, fertig mit Abstandhalten: Wissenschafter raten Schweiz zur Rückkehr in die Normalität
Die deutschen Forscher Sucharit Bhakdi und Karina Reiss sagen, weshalb sie die Coronamassnahmen falsch finden.
https://t.co/qlmm9CYqMw";MarcBuergi;26.09.2020;Bürgi;Marc;SUP
63;185655;Schluss mit Masken, weg mit Quarantäne, fertig mit Abstand: Die Forscher Sucharit Bhakdi und Karina Reiss sagen, weshalb sie die Coronamassnahmen falsch finden. Und sie nehmen Stellung zur Kritik, ihre Ansichten seien wissenschaftlich nicht haltbar. https://t.co/a0xLKanvmM;PhilippSchnbch1;26.09.2020;Schönbächler;Philipp;OPP
64;188219;@LuisMartinezGIF Das zeigt dir in der Schweiz die Sterbestatistik des Bundes. In den ersten 38 Wochen 2020 sind weniger Menschen gestorben, als in den Vorjahren. Obwohl die Zahl der positiven Tests täglich steigen und damit Angst und Panik betrieben wird. Das ist eine reine Laborpandemie.;MarcBuergi;28.09.2020;Bürgi;Marc;SUP
65;189239;Elon Musk says he won’t take coronavirus vaccine, calls Bill Gates a ‘knucklehead’. The Tesla CEO decried the nationwide lockdown as a “no-win situation” that has diminished his faith in humanity. https://t.co/N0Cw25nRD4;MarcBuergi;29.09.2020;Bürgi;Marc;SUP
66;191677;«Corona Fehlalarm?» #SucharitBhakdi fällt im <U+2066>@watson_news<U+2069>-Faktencheck fast überall durch. #COVID19  https://t.co/elJd8AnFkv;rmm1963;01.10.2020;Meier;Roland;OPP
67;197916;"Infiltriert Corona die Gehirnzellen einzelner naiven Individuen, welche dadurch quasi eine Gehirnwäsche erhalten und anschliessend behaupten, das Virus sei harmlos oder gar eine Erfindung, um die Freiheit der Menschen abzuschaffen? <U+0001F914>

#Covidioten #QAnon2020 #COVID<U+30FC>19 #COVID19";MPA1972AG;08.10.2020;Pasinelli;Mario;OPP
68;198640;BREAKING NEWS: Covid-19 verpflichtet weiteren Skeptiker! Mit Michael Wendler holt sich das Virus einen weiteren prominenten Neuzugang! Mit über 20 Jahren Erfahrung im Musik-und TV Geschäft verstärkt der Wendler die aktuelle Mannschaft rund um Rima, Thiel, Naidoo und Hildmann!;cedimon;09.10.2020;Käppler;Cédric;OPP
69;200041;@Angelika_Ruider Aber bezogen auf die Schweiz sollte man die Massnahmen erst recht komplett aufheben. Eine massiv herrschende Untersterblichkeit bei den Ü65 und weniger Tote in den ersten 9 Wochen. Das ist weder eine Epidemie, noch eine Pandemie. Es ist eine Laborpandemie. Mehr nicht. https://t.co/nR5TGS4YQF;MarcBuergi;11.10.2020;Bürgi;Marc;SUP
70;200043;"@Angelika_Ruider Dieser Vergleich ist medizinisch und ethisch dumm. 
1. Ist HIV kein Atemwegsinfektionserreger. 
2. Zerstört das HI-Virus das Immunsystem und war früher lange ohne Medikamente ein Todesurteil. 3. Eine Coronavirusinfektion verläuft zu 90% mild. Ohne Medis und ohne Impfstoff.";MarcBuergi;11.10.2020;Bürgi;Marc;NTR
71;201839;"Many early deaths may have been due to suboptimal management, malfunctional health systems, hydroxychloroquine, sending COVID-19 patients to nursing homes, and nosocomial infections; such deaths are partially avoidable moving forward.";MarcBuergi;13.10.2020;Bürgi;Marc;SUP
72;203205;"@BAG_OFSP_UFSP Hörenswerter Faktencheck! #CoronaInfoCH #Bhakdi 
https://t.co/cMTOLghin7 via @hrinfo";ruediloeffel;14.10.2020;Löffel;Ruedi;OPP
73;210014;Der mehrfache Südenfall der Beamten und Politiker in dieser Laborpandemie ist das grösste Evidenz-Fiasko des gesamten Jahrhunderts. Die Regeln der klinischen Diagnostik und der Differenzialdiagnose der Medizin wurden behördlich aufgehoben. Immer mehr Mediziner wehren sich nun.<U+0001F44D> https://t.co/THrIFyEkCs;MarcBuergi;21.10.2020;Bürgi;Marc;SUP
74;212255;@SilFoiera Du weisst die meisten Qanon-Anhänger und Coviditoen sind 30-50?;furkan_s_oguz;23.10.2020;Oguz;Furkan;OPP
75;213520;"#Neuinfektionen das verdanken wir
Denen die sich nicht an die Regeln gehalten haben, sich heute noch nicht daran halten!
Alle die feiern mussten, Geburtstag, Hochzeit, die falsche Namen angegeben haben und #Querdenken

Entschuldigt euch bei den Angehörigen der Verstorbenen
10.000";UrsTanner3;24.10.2020;Tanner;Urs;OPP
76;218951;Hey @vecirex vielleicht lässt sich @FDP_Liberalen doch noch zu einem #PMTnein überzeugen? Frau Porlezza scheint zu ahnen, was ihr mit dem PMT blühen könnte. Wäre wohl relativ einfach mutwillige Verstösse gegen die Corona-Verordnung als Biowaffen-Terrorismus zu deklarieren.  <U+0001F44D> https://t.co/7lHuoe2SWL;Leerzeit;29.10.2020;Huber;Stefan W.;OPP
77;219640;@martinsteiger @BAG_OFSP_UFSP Eine Verschwörung von Bill Gates?<U+0001F609>;JosefWiederkehr;29.10.2020;Wiederkehr;Josef;OPP
78;221820;"@PSPresseschau Wie ging das bloss in den 80er, mit HIV und „ohni Dings keis Bums“? Warum konkret haben „wir“ den Appell damals auf- und ernstgenommen, wenn das eh nicht geht?

Nur weil HIV entgegen COVID ein def. Todesurteil war?

Ok, es ist auch eher mühsam, eine Kondompflicht durchzusetzen <U+0001F648>";PhilippSchnbch1;31.10.2020;Schönbächler;Philipp;NO
79;222986;"Bhakdi &amp; co erklären die Pandemie für beendet. Eine gewagte These - aber lebt die Wissenschaft nicht genau von solchen gewagten Thesen, vom Aufbrechen der bisher gültigen Lehrmeinung? Manchmal schon - aber sicher nicht so. (Thread)";mischapedia;01.11.2020;Stolz;Michael;OPP
80;230886;Die wenigsten der mehreren Tausend Teilnehmer tragen bei #le0711 eine Maske. Der Platz zwischen Gewandhaus und Leipziger Oper ist dicht gefüllt. West - und ostdeutsche Hooligans haben sich Querdenken angeschlossen. Die Polizei kann die Lage kaum kontrollieren.;SchillerManuela;07.11.2020;Schiller;Manuela;NTR
81;231686;Hier das Symbolbild eines klassischen 'Querdenkers', 'Corona-Kritikers' und 'besorgten Bürgers'... https://t.co/rKcmvJFYLw;beatflach;08.11.2020;Flach;Beat;NTR
82;233375;Neonazis greifen Polizei an: Heftige Randale bei #Querdenken-Demo. Zehntausende versammelten sich heute in #Leipzig unter Missachtung der Corona-Auflagen - darunter hunderte vermummte und gewaltbereite Neonazis. Die Lage eskalierte. #le0711 https://t.co/CAHUrHs66v;mischapedia;09.11.2020;Stolz;Michael;NTR
83;236063;@instanthero @adrian66777981 @BAG_OFSP_UFSP Ich weiss nicht auf welche Studie Bezug genommen wird. Es ist aber nicht egal ob es an den Kindern oder den Erwachsenen liegt. Schweden und Belarus: Fallwachstum reduziert stark mit Beginn der Schulferien, weil fast alle aufs Land gehen.;BergerWthur;12.11.2020;Berger;David;NO
84;238754;Liebe Querdenker: Eure Leute marschieren mit Rechtsextremen, verbreiten frei erfundene Inhalte, schüchtern Kinder vor Schulen ein und schreien Familien an, weil sie Masken tragen. Es braucht keinen Mainstream, um eure Glaubwürdigkeit zu ruinieren, das schafft ihr ganz alleine.;LuFiLaCH;14.11.2020;Fischer-Lamprecht;Lutz;OPP
85;243832;@zettberlin @_is_back_ @M_T_Franz Mit HIV hat man sich - im Gegensatz zu Covid - tatsächlich beim öffentlichen Verkehr angesteckt.;twitpatli;18.11.2020;Patera;Livio;SUP
86;244816;"@CR_Schmid @redder66 @falcino2011 @grunliberale Da erinnere ich gerne auch an die SP-Fehrs in Zürich. Der eine würde längst in die SVP gehören, die andere untergräbt die Maskenpflicht. In der glp werden solche ""Querdenker"" immerhin nicht für Exekutivämter aufgestellt.

@redder66 nimmt solche Querschläger dann jeweils als Norm.";tho__hug;19.11.2020;Hug;Thomas;OPP
87;250461;"An alle #Coronarebellen und Anhänger der rechtsextremen Sekte #Querdenken. Die sich für Anne Frank oder Sophie Scholl halten. An alle Nazi-Sektierer die ihre Kinder instrumentalisieren. 

https://t.co/p7TCTLJ8TA";MiRiwill;24.11.2020;Rizvi;Miriam;OPP
88;251081;"Prof. Dr. med. Matthias Schrappe meint zur Laborpandemie: ""Die Testzahlen sind das Papier nicht wert.""

Sie reichen aber für #Lockdown - Serien bis Mai, wenn wir die abstruse 50er Grenze vielleicht wieder schaffen.

https://t.co/XzzcsNE1a6";AndiDreisiebner;25.11.2020;Dreisiebner;Andreas;SUP
89;253409;Sag mal gehts noch?  #Querdenker vergleichen die Corona Massnahmen mit dem #Nazi  Regime. Höhepunkt: Ein Mädchen vergleicht sich mit #AnneFrank, ein anderes mit #SophieScholl!  Das hat nix mehr mit Meinungsfreiheit zu tun, dass ist Niveau- und Anstandslos. #StopptDieSpinner https://t.co/K5itF4hHYU;samuhasler;27.11.2020;Hasler;Samuel;OPP
90;257680;Panik Story heute im Blick, in D sterben täglich bis zu 300 Personen im Zusammenhang mit C. Das aber jeden Tag in D ca.  2’700 sterben wird unterschlagen. #lügenpresse @Blickch #Corona https://t.co/ZboElaDGMM;AndiDreisiebner;30.11.2020;Dreisiebner;Andreas;SUP
91;264460;"Frau @AGmur meint in der Samstagsrundschau, die hohe Sterblichkeit begründe sich in den vielen Tests... <U+0001F648> #Corona 
Die cvp StänderätInnen scheinen nicht nur eine rückständigen Ehebegriff verteidigen zu wollen, die scheinen auch noch vegane Kochbücher zu lesen... #AtillaHildmann https://t.co/dtRkuOQY7F";luethithomas;06.12.2020;Lüthi;Thomas;OPP
92;265256;"Was war der größte Unsinn des Jahres? Die 3 Finalisten für das @goldenesbrett stehen fest:
<U+0001F921>Michael Ballweg, Querdenker-Gründer
<U+0001F921>Sucharit-Bhakdi, Coronaverharmlosender Arzt
<U+0001F921>Attila Hildmann, Verschwörungstheoretiker
Der Sieger wird am 15.12. bekanntgegeben.";diuuk;07.12.2020;Herzog;David;OPP
93;269215;"Bei einer Pandemie auf die ""Schwarmintelligenz der Querdenker"" zu setzen, ist dasselbe wie sich bei einem Schusswechsel auf die ""Treffsicherheit der Querschläger"" zu verlassen.";Leerzeit;10.12.2020;Huber;Stefan W.;OPP
94;273921;“This is the tragedy of the PCR test: that [it] is being used as the gold standard to define COVID cases.” -- Dr. Sucharit Bhakdi, on the coronavirus tests.  Listen, think, question...decide for yourself.  Only on @QuakeMedia. Subscribe today: https://t.co/d7bzEE7rrX;zac1967;14.12.2020;Zanetti;Claudio;SUP
95;274175;"Der weltberühmte Virologe Bill Gates sagt uns fortgesetzte #Lockdowns bis zum Jahre 2022 voraus.

Verhindert werden könne das nur durch hohe Impfraten.

https://t.co/B74U06w0Qm";AndiDreisiebner;15.12.2020;Dreisiebner;Andreas;SUP
96;274347;"""Auch wenn alle drei den Schmähpreis verdient hätten, erhalten hat ihn Sucharit #Bhakdi für seine unwissenschaftlichen Verharmlosungen der #Covid19-Pandemie. Der Preis fürs Lebenswerk geht an Ken Jebsen und seinen Kanal #KenFM."" #GoldenesBrett  https://t.co/jHAhfi4tpf";diuuk;15.12.2020;Herzog;David;OPP
97;275104;Den einen oder anderen #Querdenker kennt man ja inzwischen unter seinen Kunden. Was heute dann doch sehr bemerkenswert gewesen ist: sie kommen dann doch alle, um ihre Gratis-FFP2-Masken in der #Apotheke abzuholen. Das muss ein schlimmer Konflikt für sie gewesen sein...<U+0001F609>;BuesserSandra;16.12.2020;Büsser;Andrea;OPP
98;278672;Ich bin davon überzeugt, dass sich eine grosse schweigende Mehrheit der Bevölkerung impfen lässt. Und Querdenker, Covidioten und Verschwörungstheoretiker, die jetzt eh zu viel Aufmerksamkeit erhalten haben, werden in der Versenkung verschwinden.;MichelleRenaud1;19.12.2020;Renaud;Michelle;OPP
99;282247;"2 x 3 macht 4 - Widdewiddewitt und 3 macht 9e!
Ich mach' mir die Welt - widdewidde wie sie mir gefällt ...

#Querdenker #Corvidiots #Coronaschwurbler https://t.co/oZ79RtHIrc";MFrauchigerSVP;23.12.2020;Frauchiger;Michael;OPP
100;282433;"Querdenken

Gestern: ""Fakt ist: Es gibt keine Übersterblichkeit! Zudem ist völlig unklar, ob die wenigen Toten an oder mit Corona sterben!""

Heute: ""Fakt ist: Es gibt Übersterblichkeit! Und es ist völlig klar, dass die vielen Toten nicht mit, sondern an den Massnahmen sterben!""";RoFraAG;23.12.2020;Frauchiger;Roland;OPP
101;282502;"Querdenken

Gestern: ""Fakt ist: Es gibt keine Übersterblichkeit! Zudem ist völlig unklar, ob die wenigen Toten an oder mit Corona sterben!""

Heute: ""Fakt ist: Es gibt Übersterblichkeit! Und es ist völlig klar, dass die vielen Toten nicht mit, sondern an den Massnahmen sterben!""";Leerzeit;23.12.2020;Huber;Stefan W.;OPP
102;282956;Das grosse Portrait von Sucharit Bhakdi und Karina Reiss ist endlich da: Zwei Topwissenschaftler, die sich ein Leben lang mit echten und falschen Pandemien befasst haben zur Lage der Welt. In der neuen Weltwoche. https://t.co/KmN1xWIvMk;zac1967;23.12.2020;Zanetti;Claudio;SUP
103;285141;"Querdenken-Jahresrückblick 2020:

„Corona wird wie SARS verpuffen“

„China ist weit weg“ 

„Italien ist weit weg“

„Bei uns breitet sich das nicht aus“

„Na gut, ist doch nur ein Schnupfen“

„Ist doch nur eine Grippe“

„Der Lockdown ist falsch“

„Wo sind die Toten?“";UrsTanner3;27.12.2020;Tanner;Urs;OPP
104;287972;"Wenn ein Aspirin nicht wirkt, nehmen sie bitte 3 ein, wenn 3 nicht wirken, nehmen sie bitte 5 ein. In dieser geistigen Spirale hängen Lockdownfans fest. 

Die Wahrheit ist aber, allerspätestens nach der nutzlosen Einnahme von 3 Aspirin. 
ASPIRIN ist die falsche Behandlung.";AndiDreisiebner;31.12.2020;Dreisiebner;Andreas;NO
105;288066;"Pandemie von langer Hand geplant? Dieser Sketch von 1963 (!) zeigt coronakonforme Geburtstagsparty mit nur einem Haushalt 
#Plandemie #DinnerForOne 
https://t.co/AKqQeKrQ67";sandro_w_hess;31.12.2020;Hess;Sandro;OPP
